DBH,Boomsoort,Kroondiameter,KDratio,N,,,,,,,,
10,Gewone esdoorn,2.56,25.60,1526,4062.913325,0.514292826,15360.8987,,,,,
15,Gewone esdoorn,3.49,23.29,819,5045.591266,1.437035487,5497.428609,,,,,
20,Gewone esdoorn,4.43,22.14,510,6077.748058,3.077340789,2567.151493,,,,,
25,Gewone esdoorn,5.36,21.44,348,7129.69639,5.640582587,1400.564548,,,,,
30,Gewone esdoorn,6.29,20.98,252,8191.540492,9.332134738,846.5372845,,,,,
35,Gewone esdoorn,7.23,20.65,191,9259.03932,14.3573711,550.2400088,,,,,
40,Gewone esdoorn,8.16,20.41,150,10330.07235,20.92166552,377.599001,,,,,
45,Gewone esdoorn,9.10,20.21,121,11403.46152,29.23039187,270.266647,,,,,
50,Gewone esdoorn,10.03,20.06,99,12478.49998,39.48892399,200.0560968,,,,,
55,Gewone esdoorn,10.96,19.93,83,13554.73793,51.90263575,152.2080697,,,,,
60,Gewone esdoorn,11.90,19.83,71,14631.8755,66.676901,118.4818113,,,,,
65,Gewone esdoorn,12.83,19.74,61,15709.70507,84.01709359,94.0284847,,,,,
70,Gewone esdoorn,13.77,19.67,53,16788.07838,104.1285874,75.86773429,,,,,
75,Gewone esdoorn,14.70,19.60,46,17866.88666,127.2167562,62.09873788,,,,,
80,Gewone esdoorn,15.63,19.54,41,18946.04836,153.486974,51.4701658,,,,,
10,Berk,2.59,25.90,1490,4161.184751,0.526732247,14998.13244,,,,,
15,Berk,3.40,22.65,866,4773.443521,1.359525053,5810.852827,,,,,
20,Berk,4.21,21.03,565,5484.005684,2.776711739,2845.091872,,,,,
25,Berk,5.01,20.05,398,6233.889205,4.931874371,1601.825068,,,,,
30,Berk,5.82,19.40,295,7003.433404,7.978595017,990.1492661,,,,,
35,Berk,6.63,18.94,228,7784.212276,12.07045574,654.4906147,,,,,
40,Berk,7.44,18.59,181,8572.01282,17.36103862,455.0419,,,,,
45,Berk,8.24,18.32,147,9364.494477,24.00392572,329.1128332,,,,,
50,Berk,9.05,18.10,122,10160.25291,32.1526991,245.7025451,,,,,
55,Berk,9.86,17.92,103,10958.39446,41.96094083,188.2703258,,,,,
60,Berk,10.67,17.78,88,11758.32335,53.58223298,147.4369312,,,,,
10,Tamme kastanje,3.86,38.60,671,9237.832664,1.169345907,6755.913672,,,,,
15,Tamme kastanje,4.39,29.29,518,7978.513126,2.272361333,3476.559773,,,,,
20,Tamme kastanje,4.93,24.63,412,7525.308913,3.810282994,2073.336813,,,,,
25,Tamme kastanje,5.46,21.84,335,7394.55083,5.850119328,1350.399805,,,,,
30,Tamme kastanje,5.99,19.98,278,7425.015812,8.458878774,933.9299228,,,,,
35,Tamme kastanje,6.53,18.65,235,7547.608261,11.70356977,675.0077245,,,,,
40,Tamme kastanje,7.06,17.65,201,7727.780375,15.65120076,504.7536046,,,,,
45,Tamme kastanje,7.59,16.87,173,7946.338933,20.36878018,387.8484588,,,,,
50,Tamme kastanje,8.13,16.25,151,8191.768002,25.92331646,304.7449585,,,,,
55,Tamme kastanje,8.66,15.75,133,8456.739261,32.38181806,243.9640661,,,,,
60,Tamme kastanje,9.19,15.32,118,8736.367162,39.8112934,198.4361553,,,,,
65,Tamme kastanje,9.73,14.96,106,9027.269404,48.27875093,163.6330652,,,,,
70,Tamme kastanje,10.26,14.66,95,9327.030055,57.85119908,136.5572387,,,,,
75,Tamme kastanje,10.79,14.39,86,9633.877435,68.59564629,115.167659,,,,,
80,Tamme kastanje,11.33,14.16,78,9946.482781,80.57910101,98.04030947,,,,,
10,Beuk,2.66,26.56,1417,4376.163107,0.553944697,14261.35143,,,,,
15,Beuk,3.42,22.79,856,4830.267758,1.375709172,5742.49279,,,,,
20,Beuk,4.18,20.90,572,5417.080472,2.742825555,2880.241503,,,,,
25,Beuk,4.94,19.77,410,6056.97641,4.791911717,1648.611341,,,,,
30,Beuk,5.70,19.01,307,6723.413961,7.659585526,1031.3874,,,,,
35,Beuk,6.46,18.47,239,7405.018148,11.48246485,688.0055897,,,,,
40,Beuk,7.23,18.07,191,8096.101482,16.39716756,481.790527,,,,,
45,Beuk,7.99,17.75,157,8793.504248,22.54031152,350.4831773,,,,,
50,Beuk,8.75,17.50,131,9495.330615,30.04851461,262.9081705,,,,,
55,Beuk,9.51,17.29,111,10200.37415,39.05839468,202.2612569,,,,,
60,Beuk,10.27,17.12,95,10907.83055,49.70656962,158.9327137,,,,,
65,Beuk,11.03,16.98,82,11617.14302,62.12965728,127.1534456,,,,,
70,Beuk,11.80,16.85,72,12327.91381,76.46427554,103.3162211,,,,,
75,Beuk,12.56,16.74,63,13039.85127,92.84704227,85.08617837,,,,,
80,Beuk,13.32,16.65,56,13752.73664,111.4145753,70.90634216,,,,,
10,Es,2.79,27.94,1281,4840.294975,0.612695566,12893.84228,,,,,
15,Es,3.81,25.41,688,6006.402456,1.710684244,4618.035169,,,,,
20,Es,4.83,24.15,429,7231.911584,3.661727385,2157.451708,,,,,
25,Es,5.85,23.39,292,8481.181372,6.709795389,1177.383145,,,,,
30,Es,6.87,22.88,212,9742.331489,11.09885866,711.7848999,,,,,
35,Es,7.88,22.52,161,11010.27037,17.07288759,462.7219594,,,,,
40,Es,8.90,22.25,126,12282.45222,24.87585259,317.5770547,,,,,
45,Es,9.92,22.04,102,13557.46272,34.75172406,227.3268511,,,,,
50,Es,10.94,21.87,84,14834.45328,46.94447239,168.2839235,,,,,
55,Es,11.95,21.73,70,16112.88387,61.698068,128.0429073,,,,,
60,Es,12.97,21.62,59,17392.3945,79.25648126,99.6763908,,,,,
65,Es,13.99,21.52,51,18672.73592,99.8636826,79.10783775,,,,,
70,Es,15.01,21.44,44,19953.7301,123.7636424,63.83134696,,,,,
75,Es,16.03,21.37,39,21235.2465,151.2003311,52.24856284,,,,,
80,Es,17.04,21.30,34,22517.18719,182.417719,43.30719648,,,,,
10,Walnoot,4.57,45.69,479,12946.78322,1.63883332,4820.50243,,,,,
15,Walnoot,5.48,36.52,333,12403.56352,3.532660496,2236.274901,,,,,
20,Walnoot,6.39,31.93,245,12643.50407,6.401774214,1234.0329,,,,,
25,Walnoot,7.29,29.18,188,13196.70873,10.44043412,756.6735164,,,,,
30,Walnoot,8.20,27.34,149,13906.54544,15.84289987,498.6460854,,,,,
35,Walnoot,9.11,26.03,120,14705.88618,22.8034311,346.4390935,,,,,
40,Walnoot,10.02,25.05,100,15561.16694,31.51628747,250.6640418,,,,,
45,Walnoot,10.93,24.28,84,16453.74104,42.17572862,187.3115239,,,,,
50,Walnoot,11.83,23.67,71,17372.42049,54.97601419,143.6990316,,,,,
55,Walnoot,12.74,23.17,62,18310.08563,70.11140385,112.677818,,,,,
60,Walnoot,13.65,22.75,54,19261.99006,87.77615724,90.0016616,,,,,
65,Walnoot,14.56,22.40,47,20224.84778,108.164534,73.03687917,,,,,
70,Walnoot,15.47,22.10,42,21196.31165,131.4707938,60.08939152,,,,,
75,Walnoot,16.38,21.83,37,22174.66045,157.8891962,50.03508909,,,,,
80,Walnoot,17.28,21.61,33,23158.60325,187.614001,42.10773161,,,,,
10,Populier,2.70,26.96,1376,4507.474744,0.570566423,13845.89011,,,,,
15,Populier,3.64,24.29,753,5488.365639,1.563142112,5053.92308,,,,,
20,Populier,4.59,22.96,474,6535.566377,3.309147533,2387.321787,,,,,
25,Populier,5.54,22.15,326,7609.291052,6.020008744,1312.290453,,,,,
30,Populier,6.49,21.62,238,8696.277696,9.907151805,797.4037499,,,,,
35,Populier,7.43,21.24,181,9790.842607,15.18200278,520.3529545,,,,,
40,Populier,8.38,20.95,142,10890.14394,22.05598772,358.1793797,,,,,
45,Populier,9.33,20.73,115,11992.60288,30.74053269,256.9896911,,,,,
50,Populier,10.28,20.55,95,13097.27214,41.44706375,190.6045757,,,,,
55,Populier,11.22,20.41,79,14203.54892,54.38700696,145.2552814,,,,,
60,Populier,12.17,20.29,68,15311.03134,69.77178837,113.2262793,,,,,
65,Populier,13.12,20.18,58,16419.44116,87.81283406,89.96407057,,,,,
70,Populier,14.07,20.09,51,17528.57966,108.7215701,72.66267398,,,,,
75,Populier,15.01,20.02,44,18638.30111,132.7094225,59.52855384,,,,,
80,Populier,15.96,19.95,39,19748.4962,159.9878173,49.37875979,,,,,
10,Zoete kers,3.30,33.00,918,6753.4335,0.854865,9241.225223,,,,,
15,Zoete kers,4.07,27.13,604,6848.481823,1.950516975,4050.208279,,,,,
20,Zoete kers,4.84,24.20,427,7263.69292,3.6778192,2148.012061,,,,,
25,Zoete kers,5.61,22.44,318,7806.969126,6.176399625,1279.062315,,,,,
30,Zoete kers,6.38,21.27,246,8414.277887,9.5858862,824.1282898,,,,,
35,Zoete kers,7.15,20.43,196,9058.176679,14.04590688,562.4414337,,,,,
40,Zoete kers,7.92,19.80,159,9724.94424,19.6960896,401.0948447,,,,,
45,Zoete kers,8.69,19.31,132,10406.95765,26.67606233,296.1456569,,,,,
50,Zoete kers,9.46,18.92,112,11099.64315,35.125453,224.9081314,,,,,
55,Zoete kers,10.23,18.60,96,11800.09017,45.18388958,174.8410789,,,,,
60,Zoete kers,11.00,18.33,83,12506.35833,56.991,138.6183783,,,,,
65,Zoete kers,11.77,18.11,72,13217.1043,70.68641223,111.7612247,,,,,
70,Zoete kers,12.54,17.91,64,13931.36853,86.4097542,91.4248637,,,,,
75,Zoete kers,13.31,17.75,56,14648.44739,104.3006539,75.74257405,,,,,
80,Zoete kers,14.08,17.60,50,15367.81312,124.4987392,63.45445786,,,,,
10,Inlandse eik,3.28,32.79,930,6667.428845,0.843978335,9360.429853,,,,,
15,Inlandse eik,4.06,27.06,607,6813.912959,1.940671413,4070.756105,,,,,
20,Inlandse eik,4.84,24.20,427,7265.223779,3.678594318,2147.559452,,,,,
25,Inlandse eik,5.62,22.49,316,7838.46528,6.201317468,1273.922846,,,,,
30,Inlandse eik,6.40,21.34,244,8472.672122,9.652411279,818.4483413,,,,,
35,Inlandse eik,7.18,20.52,194,9141.716302,14.17544616,557.3016827,,,,,
40,Inlandse eik,7.96,19.91,158,9832.533818,19.91399254,396.7059836,,,,,
45,Inlandse eik,8.74,19.43,131,10537.86689,27.01162083,292.4667146,,,,,
50,Inlandse eik,9.53,19.05,110,11253.36085,35.61190144,221.8359504,,,,,
55,Inlandse eik,10.31,18.74,94,11976.24456,45.85840479,172.2694027,,,,,
60,Inlandse eik,11.09,18.48,81,12704.67056,57.89470129,136.4546292,,,,,
65,Inlandse eik,11.87,18.26,71,13437.35988,71.86436137,109.9293147,,,,,
70,Inlandse eik,12.65,18.07,63,14173.39894,87.91095543,89.86365762,,,,,
75,Inlandse eik,13.43,17.91,55,14912.11779,106.1780539,74.40332262,,,,,
80,Inlandse eik,14.21,17.76,50,15653.01398,126.8092272,62.29830569,,,,,
10,Lijsterbes,2.94,29.41,1156,5362.735488,0.678827277,11637.71738,,,,,
15,Lijsterbes,3.86,25.75,670,6169.921496,1.757256122,4495.645171,,,,,
20,Lijsterbes,4.79,23.93,437,7101.208818,3.595548769,2197.161131,,,,,
25,Lijsterbes,5.71,22.83,307,8082.136666,6.394095464,1235.514866,,,,,
30,Lijsterbes,6.63,22.10,227,9087.884778,10.35328646,763.0427337,,,,,
35,Lijsterbes,7.55,21.58,175,10107.8159,15.67351199,504.0350883,,,,,
40,Lijsterbes,8.48,21.19,139,11136.61139,22.55516232,350.2524118,,,,,
10,Winterlinde,3.40,34.03,863,7183.110188,0.909254454,8688.436953,,,,,
15,Winterlinde,3.98,26.50,633,6533.819847,1.860898058,4245.262102,,,,,
20,Winterlinde,4.55,22.74,484,6412.106212,3.246636057,2433.287828,,,,,
25,Winterlinde,5.12,20.48,382,6501.423261,5.143531061,1535.909846,,,,,
30,Winterlinde,5.69,18.97,309,6696.255651,7.628645679,1035.570445,,,,,
35,Winterlinde,6.26,17.90,255,6951.382523,10.77904252,732.9036866,,,,,
40,Winterlinde,6.84,17.09,214,7244.193444,14.67178419,538.4484871,,,,,
45,Winterlinde,7.41,16.46,182,7562.127066,19.3839333,407.554023,,,,,
50,Winterlinde,7.98,15.96,157,7897.646579,24.99255246,316.0941649,,,,,
55,Winterlinde,8.55,15.55,137,8245.955829,31.57470428,250.2002847,,,,,
60,Winterlinde,9.12,15.21,120,8603.857384,39.20745137,201.4923114,,,,,
65,Winterlinde,9.70,14.92,106,8969.137633,47.96785633,164.693622,,,,,
70,Winterlinde,10.27,14.67,95,9340.215429,57.93298178,136.3644639,,,,,
75,Winterlinde,10.84,14.45,85,9715.931262,69.17989032,114.1950351,,,,,
80,Winterlinde,11.41,14.26,77,10095.4155,81.78564456,96.59396882,,,,,
